Comedor,Precio ($)
Mueble De Cocina Style | Bi Color Freijo /Supremo,120.87
Aparador Brise | Blanco Antiguo,173.04
Mueble De Cocina Slow| Bi Color Freijo/ Vainilla,194.78
Mesa de Comedor Ryze Tampo Curvo | Freijo,216.52
Mesa de Comedor Redonda Viena |Bi Color Freijo /Blanco Antiguo,264.35
Mesa de Comedor Yara  Tampo Curvo | Freijo,203.48
Mesa Extensible Zenith | Negro,581.74
Mesa de Comedor Rectangular Aurea |Bi Color Roble Claro/ Blanco Antiguo,233.91
Mesa de Comedor Italia 900 Curvo  |Bi Color Freijo /Off White,207.83
Mesa De Comedor Celeste | Bi Color Freijo /Marmol,194.78
Cristalera Liara | Bi Color Off White /Dorado,333.91
